02-10-21 00:18;584025747;/start
02-10-21 04:05;315046741;/start
02-10-21 04:06;315046741;/start
02-10-21 04:06;315046741;/start
02-10-21 04:06;315046741;/start
02-10-21 04:06;315046741;/start
02-10-21 04:06;315046741;/start
02-10-21 04:06;315046741;/start
02-10-21 04:09;315046741;/start
02-10-21 04:09;315046741;/start
02-10-21 04:11;315046741;/start
02-10-21 04:11;315046741;/start
02-10-21 04:12;315046741;/start
02-10-21 04:12;315046741;/start
02-10-21 04:12;315046741;/start
02-10-21 04:13;315046741;/start
02-10-21 04:14;315046741;/start
02-10-21 04:14;315046741;/start
02-10-21 04:14;315046741;/start
02-10-21 04:14;315046741;/start
02-10-21 04:14;315046741;/start
02-10-21 04:14;315046741;/start
02-10-21 04:14;315046741;/start
02-10-21 04:14;315046741;/start
02-10-21 04:14;315046741;/start
02-10-21 04:14;315046741;"/start
/start
/start
/start"
02-10-21 04:14;315046741;/start
02-10-21 04:14;315046741;/start
02-10-21 04:14;315046741;/start
02-10-21 04:14;315046741;/start
02-10-21 04:14;315046741;/start
02-10-21 04:14;315046741;/start
02-10-21 04:14;315046741;/start
02-10-21 04:14;315046741;/start
02-10-21 04:14;315046741;/start
02-10-21 04:14;315046741;/start
02-10-21 04:14;315046741;/start
02-10-21 04:14;315046741;/start
02-10-21 04:14;315046741;/start
02-10-21 04:14;315046741;/start
02-10-21 04:14;315046741;/start
02-10-21 04:14;315046741;/start
02-10-21 04:14;315046741;/start
02-10-21 04:14;315046741;/start
02-10-21 04:14;315046741;/start
02-10-21 04:14;315046741;/start
02-10-21 04:14;315046741;/start
02-10-21 04:14;315046741;/start
02-10-21 04:14;315046741;/start
02-10-21 04:14;315046741;/start
02-10-21 04:14;315046741;/start
02-10-21 04:14;315046741;/start
02-10-21 04:14;315046741;/start
02-10-21 04:14;315046741;/start
02-10-21 04:14;315046741;/start
02-10-21 04:14;315046741;/start
02-10-21 04:14;315046741;/start
02-10-21 04:14;315046741;/start
02-10-21 04:14;315046741;/start
02-10-21 04:14;315046741;/start
02-10-21 04:14;315046741;/start
02-10-21 04:14;315046741;/start
02-10-21 04:14;315046741;/start
02-10-21 04:14;315046741;/start
02-10-21 04:14;315046741;/start
02-10-21 04:14;315046741;/start
02-10-21 04:14;315046741;/start
02-10-21 04:14;315046741;/start
02-10-21 04:14;315046741;/start
02-10-21 04:14;315046741;/start
02-10-21 04:14;315046741;/start
02-10-21 04:14;315046741;/start
02-10-21 04:14;315046741;/start
02-10-21 04:14;315046741;/start
02-10-21 04:14;315046741;/start
02-10-21 04:14;315046741;/start
02-10-21 04:14;315046741;/start
02-10-21 04:14;315046741;/start
02-10-21 04:14;315046741;/start
02-10-21 04:14;315046741;/start
02-10-21 04:14;315046741;/start
02-10-21 04:14;315046741;/start
02-10-21 04:14;315046741;/start
02-10-21 04:14;315046741;/start
02-10-21 04:14;315046741;/start
02-10-21 04:14;315046741;/start
02-10-21 04:14;315046741;/start
02-10-21 04:14;315046741;/start
02-10-21 04:14;315046741;/start
02-10-21 04:20;315046741;/start
02-10-21 04:43;315046741;/start
02-10-21 04:43;315046741;/start
02-10-21 04:43;584025747;/start
02-10-21 04:44;584025747;/start
02-10-21 04:52;315046741;/start
02-10-21 04:54;315046741;/start
02-10-21 04:54;584025747;/start
02-10-21 04:56;584025747;/start
02-10-21 04:57;584025747;/start
02-10-21 04:58;584025747;/start
02-10-21 09:29;943050810;/start
02-10-21 16:35;943050810;/start
02-10-21 16:35;315046741;/start
02-10-21 16:42;584025747;/start
02-10-21 16:42;584025747;/start
02-10-21 16:43;584025747;/start
02-10-21 16:58;584025747;/start
02-10-21 19:01;584025747;/start
02-10-21 19:01;315046741;/start
02-10-21 19:01;584025747;/start
02-10-21 19:01;584025747;/start
02-10-21 19:29;584025747;/start
02-10-21 19:54;315046741;/start
02-10-21 19:56;967518529;/start
02-10-21 20:09;584025747;/start
02-10-21 20:20;584025747;/start
02-10-21 20:20;943050810;/start
02-10-21 20:26;584025747;/start
02-10-21 23:36;643561908;/start
08-10-21 10:59;947192411;/start
08-10-21 11:40;584025747;/start
08-10-21 11:40;584025747;/start
08-10-21 11:41;584025747;/start
08-10-21 11:42;584025747;/start
08-10-21 11:44;584025747;/start
08-10-21 11:48;584025747;/start
08-10-21 11:53;584025747;/start
08-10-21 11:54;584025747;/start
08-10-21 12:09;584025747;/start
08-10-21 12:13;584025747;/start
08-10-21 12:13;584025747;/start
08-10-21 12:13;584025747;/start
08-10-21 12:14;584025747;/start
08-10-21 12:18;584025747;/start
11-10-21 13:01;584025747;/start
11-10-21 13:01;584025747;/start
11-10-21 13:01;584025747;/start
11-10-21 13:02;584025747;/start
11-10-21 13:02;584025747;/start
11-10-21 13:10;584025747;/start
11-10-21 13:11;584025747;/start
11-10-21 13:15;584025747;/start
12-11-21 21:04;584025747;/start
12-11-21 21:05;584025747;/start
